Genre,Rating
Fiction,4.6483333333333325
Non Fiction,4.59516129032258
